{
    "CRPS_Mean": 0.08413325250148773,
    "mre": 0.2085878700017929,
    "pinaw": 0.3683560788631439,
    "CRPS_0": 0.04929547384381294,
    "CRPS_1": 0.07629667967557907,
    "CRPS_2": 0.08847304433584213,
    "CRPS_3": 0.09191318601369858,
    "CRPS_4": 0.09204694628715515,
    "CRPS_5": 0.09073727577924728,
    "CRPS_6": 0.08886215835809708,
    "CRPS_7": 0.08770125359296799,
    "CRPS_8": 0.0868181586265564,
    "CRPS_9": 0.08610396832227707,
    "CRPS_10": 0.08576059341430664,
    "CRPS_11": 0.08559028804302216,
    "mre_0": 0.07259141653776169,
    "mre_1": 0.14605523645877838,
    "mre_2": 0.21322259306907654,
    "mre_3": 0.25865575671195984,
    "mre_4": 0.2865270972251892,
    "mre_5": 0.3052572011947632,
    "mre_6": 0.31431499123573303,
    "mre_7": 0.31005915999412537,
    "mre_8": 0.302844762802124,
    "mre_9": 0.2877787947654724,
    "mre_10": 0.26937490701675415,
    "mre_11": 0.24869516491889954,
    "mre_12": 0.22471550107002258,
    "mre_13": 0.19883935153484344,
    "mre_14": 0.1693597286939621,
    "mre_15": 0.13995599746704102,
    "mre_16": 0.10706265270709991,
    "mre_17": 0.07238654792308807,
    "mre_18": 0.03547263145446777
}