{
    "CRPS_Mean": 0.06925871223211288,
    "mre": 0.05155554041266441,
    "pinaw": 0.33607959747314453,
    "CRPS_0": 0.04429567605257034,
    "CRPS_1": 0.0627836138010025,
    "CRPS_2": 0.06967862695455551,
    "CRPS_3": 0.07211986184120178,
    "CRPS_4": 0.0725271925330162,
    "CRPS_5": 0.07266233116388321,
    "CRPS_6": 0.07307400554418564,
    "CRPS_7": 0.07308477908372879,
    "CRPS_8": 0.07281175255775452,
    "CRPS_9": 0.07262266427278519,
    "CRPS_10": 0.07264458388090134,
    "CRPS_11": 0.0727994292974472,
    "mre_0": -0.0032316807191818953,
    "mre_1": 0.0011606732150539756,
    "mre_2": 0.0162114966660738,
    "mre_3": 0.027241690084338188,
    "mre_4": 0.03861326724290848,
    "mre_5": 0.053891655057668686,
    "mre_6": 0.0626460462808609,
    "mre_7": 0.06870733201503754,
    "mre_8": 0.07457895576953888,
    "mre_9": 0.080829918384552,
    "mre_10": 0.08317400515079498,
    "mre_11": 0.08309055119752884,
    "mre_12": 0.08213469386100769,
    "mre_13": 0.07529966533184052,
    "mre_14": 0.06816112995147705,
    "mre_15": 0.059695031493902206,
    "mre_16": 0.04717036336660385,
    "mre_17": 0.030321603640913963,
    "mre_18": 0.012031580321490765
}